MaKH,Tuoi,ThuNhap,GioiTinh,TongChiTieu,ThanhPho_Hà Nội,ThanhPho_TP.HCM,ThanhPho_Đà Nẵng,TongChiTieu_Scaled,NhomTuoi
KH001,56.0,19865681.657641128,Nữ,6340704.939472378,0,0,1,0.2023684207623053,46-60
KH002,69.0,47016132.069194354,Nam,14646008.530907424,0,0,1,0.5170705416992196,Trên 60
KH003,46.0,5339046.341033364,Nữ,8188587.71148757,0,0,1,0.2723878512615924,46-60
KH004,32.0,15139975.897063771,Nữ,3425108.938102884,0,0,1,0.0918915146113493,31-45
KH005,60.0,21441056.88533259,Nữ,11982217.701914756,0,0,1,0.4161349630792156,46-60
KH006,25.0,26951441.036393207,Nữ,9544553.49214828,0,1,0,0.3237677078067366,18-30
KH007,38.0,43286788.30262658,Nam,22704480.41353952,0,1,0,0.8224197881241321,31-45
KH008,56.0,8954943.104306474,Nam,8437840.154475274,1,0,0,0.2818324515213384,46-60
KH009,36.0,41263919.903351456,Nữ,16721707.911866251,0,1,0,0.5957223321393467,31-45
KH010,40.0,7504407.02106389,Nam,10934484.737736702,0,1,0,0.3764345737590244,31-45
KH011,28.0,42904131.58841817,Nam,14681033.456812598,0,0,1,0.5183976958901132,18-30
KH012,28.0,7323596.504353078,Nam,4576850.049042499,0,1,0,0.1355329500378305,18-30
KH013,41.0,5820911.664276247,Nam,2961908.998317547,0,0,1,0.0743400787290266,31-45
KH014,70.0,36363265.80648897,Nữ,13313862.06289971,1,0,0,0.4665932395434041,Trên 60
KH015,53.0,49876499.06457774,Nam,20146296.547475487,1,0,0,0.7254858374823782,46-60
KH017,41.0,30919928.801254697,Nữ,17160243.696479037,1,0,0,0.612339201108074,31-45
KH018,20.0,46282802.588848926,Nam,13410668.635952462,0,1,0,0.4702614057368414,18-30
KH019,39.0,5238500.287892244,Nam,6055961.126977799,1,0,0,0.1915789919679,31-45
KH020,70.0,48878022.332531415,Nữ,16338913.10618702,0,0,1,0.581217583949874,Trên 60
KH021,19.0,27083695.066645306,Nam,12509247.245529288,0,0,1,0.4361050115363183,18-30
KH022,41.0,37530324.3479799,Nam,23261588.04477509,0,0,1,0.8435295466308264,31-45
KH023,61.0,41938766.29190087,Nam,18457215.173570305,0,0,1,0.661483662853726,Trên 60
KH024,47.0,37330577.187644914,Nữ,18897568.06973821,0,1,0,0.6781693852790524,46-60
KH025,55.0,29076652.94202097,Nam,19605069.69908943,1,0,0,0.7049778289285735,46-60
KH026,19.0,26447876.78568853,Nam,16316437.765230834,0,1,0,0.5803659549407928,18-30
KH027,38.0,42736215.14161812,Nữ,16477121.103424482,0,0,1,0.5864545207315621,31-45
KH028,50.0,14228490.20672566,Nam,5441050.802307883,0,1,0,0.1682789908024768,46-60
KH029,29.0,48559732.99269054,Nữ,19477487.089244608,1,0,0,0.7001435062008362,18-30
KH030,39.0,36992861.54765368,Nữ,14394741.111640047,0,1,0,0.5075495905509275,31-45
KH031,61.0,13977811.73022439,Nam,4619779.659209793,1,0,0,0.1371596261998645,Trên 60
KH032,42.0,38131123.26643197,Nữ,17162111.971797995,0,1,0,0.6124099932469642,31-45
KH033,66.0,28842801.04315025,Nữ,14450499.207123077,1,0,0,0.5096623599054406,Trên 60
KH034,44.0,36825354.304000005,Nam,21354956.39198986,1,0,0,0.7712840208205783,31-45
KH035,59.0,39550077.56492775,Nữ,15779734.062967883,0,0,1,0.5600293361095405,46-60
KH036,45.0,8928058.081535395,Nữ,8518781.591368966,1,0,0,0.2848994606416787,31-45
KH037,33.0,27774678.036170617,Nam,11335947.16678054,0,0,1,0.3916466700425212,31-45
KH038,32.0,46940645.40156204,Nam,21701701.912549008,0,0,1,0.7844228001010698,31-45
KH039,64.0,19428898.647178143,Nam,10454816.205583056,0,0,1,0.3582591148184119,Trên 60
KH040,68.0,31724739.390105445,Nữ,10999646.990473405,0,1,0,0.37890368267425,Trên 60
KH041,61.0,21615371.667945325,Nam,11444196.035388123,0,1,0,0.3957484043337226,Trên 60
KH042,69.0,25442058.74985949,Nữ,13804186.317652848,0,1,0,0.4851724619907032,Trên 60
KH043,20.0,29687140.30721689,Nữ,14671962.254405756,0,1,0,0.5180539725565285,18-30
KH044,54.0,29701489.095003977,Nữ,17048136.8749888,1,0,0,0.6080912824009413,46-60
KH045,68.0,14077870.804860612,Nữ,4879192.125336114,1,0,0,0.1469892070681206,Trên 60
KH046,24.0,35805719.6545925,Nữ,13213488.126332926,0,1,0,0.4627898998609234,18-30
KH047,38.0,8954065.005919557,Nữ,9605581.497162478,1,0,0,0.326080163023223,31-45
KH048,26.0,11247114.804890916,Nữ,6198327.507584061,1,0,0,0.196973496989138,18-30
KH049,56.0,5121990.473644835,Nam,7258010.890084071,0,0,1,0.2371267080455366,46-60
KH050,35.0,10251322.886375658,Nam,1000000.0,0,0,1,0.0,31-45
KH051,21.0,26292479.04733515,Nữ,21035583.4311392,0,0,1,0.7591824345217638,18-30
KH052,42.0,32274584.647512738,Nữ,13873219.79958181,0,0,1,0.487788258383879,31-45
KH053,31.0,40743025.24849081,Nữ,20804776.35451208,1,0,0,0.7504367606590154,31-45
KH054,67.0,9801466.255104624,Nữ,6929746.399780914,0,1,0,0.2246882065278782,Trên 60
KH055,26.0,43282735.700740464,Nam,19228916.2964148,1,0,0,0.6907247348283867,18-30
KH056,43.0,38568853.64969232,Nam,21046415.03394351,1,0,0,0.7595928624294418,31-45
KH057,70.0,23383323.18211626,Nam,15512415.012260037,1,0,0,0.5499001612638,Trên 60
KH058,19.0,46982213.01949796,Nữ,18481298.96679372,0,0,1,0.6623962388630401,18-30
KH059,37.0,49591826.44058257,Nữ,19471784.955993693,0,0,1,0.6999274426447998,31-45
KH060,45.0,14225081.452395676,Nam,12278224.116268558,0,0,1,0.4273511510707225,31-45
KH061,64.0,22065286.32337102,Nam,18619319.109867208,0,1,0,0.6676260575299985,Trên 60
KH062,24.0,46690224.061537005,Nữ,19583915.241658226,1,0,0,0.7041762504495237,18-30
KH063,61.0,37471844.78380747,Nam,22112744.356767166,0,1,0,0.7999978995018849,Trên 60
KH064,25.0,7164258.978383946,Nam,6425034.462254565,0,0,1,0.2055638102366311,18-30
KH065,64.0,40168151.67881367,Nữ,19906326.594173502,0,1,0,0.7163929665916443,Trên 60
KH066,52.0,42257339.92298713,Nam,20980669.263638,1,0,0,0.7571016430381227,46-60
KH067,31.0,38772586.61443911,Nữ,15401894.472773412,1,0,0,0.5457123494877921,31-45
KH068,34.0,40979170.8913782,Nam,15052517.029508537,0,0,1,0.5324738421662344,31-45
KH069,53.0,42130970.45117588,Nữ,21075458.70099482,0,0,1,0.7606933765190481,46-60
KH070,67.0,13388224.405466486,Nữ,7421796.509910775,0,1,0,0.2433328245795048,Trên 60
KH071,45.0,15606128.57292499,Nữ,6998788.833851289,0,0,1,0.2273043421329632,31-45
KH072,21.0,33519135.367407978,Nữ,13003862.104825102,0,0,1,0.4548468123089992,18-30
KH073,19.0,45853975.87081322,Nữ,17149352.74596773,1,0,0,0.611926524414538,18-30
KH074,23.0,19228846.20334226,Nữ,13338505.174879711,0,0,1,0.4675270090945364,18-30
KH075,59.0,31473800.41077755,Nam,15987268.143061828,0,0,1,0.5678931564326903,46-60
KH076,21.0,35734192.85377096,Nữ,17867232.59040496,1,0,0,0.6391282163376651,18-30
KH077,46.0,25337687.058456767,Nữ,13865445.550831277,1,0,0,0.48749367883678,46-60
KH078,35.0,37120210.46848967,Nữ,14354542.653806984,0,1,0,0.5060264024098577,31-45
KH079,43.0,45485035.03814779,Nữ,20736819.079169154,0,0,1,0.7478617435692648,31-45
KH080,61.0,33084569.488182694,Nam,18472732.32627072,1,0,0,0.6620716342399566,Trên 60
KH081,51.0,29290147.786158487,Nữ,15540553.984205471,0,1,0,0.550966394912543,46-60
KH082,27.0,24743510.39247526,Nam,13772020.837620128,0,1,0,0.4839536570817906,18-30
KH083,53.0,30986882.19077565,Nam,11994901.137520667,0,0,1,0.4166155600907521,46-60
KH084,31.0,20991310.33182781,Nam,11932844.336471776,0,0,1,0.4142641220375079,31-45
KH085,48.0,22616694.959067587,Nam,9324284.499374172,0,1,0,0.3154213399178932,46-60
KH086,65.0,28933586.585967828,Nữ,13607992.401548536,1,0,0,0.4777383398260881,Trên 60
KH087,45.0,7997860.057586763,Nữ,2478558.099600081,0,1,0,0.0560250886376328,31-45
KH088,25.0,15306142.591615835,Nam,4694167.56850847,0,0,1,0.1399783109800932,18-30
KH089,31.0,29428218.9776034,Nữ,13255322.62343993,1,0,0,0.4643750803209707,31-45
KH090,40.0,24418766.44113992,Nữ,10680310.916861003,1,0,0,0.3668034940958184,31-45
KH091,57.0,19976710.36606179,Nam,11313374.690241056,0,1,0,0.3907913604004871,46-60
KH092,38.0,37874711.15641856,Nữ,15958107.609580211,0,0,1,0.5667882140746795,31-45
KH093,33.0,36217292.33315023,Nam,15955760.061575532,0,1,0,0.5666992614761452,31-45
KH094,62.0,12502884.199702242,Nam,10576687.586980894,0,1,0,0.3628770293576183,Trên 60
KH095,35.0,44538310.19180472,Nữ,16971686.190558918,0,1,0,0.6051944355521429,31-45
KH096,64.0,27294063.188178454,Nữ,12529887.521518946,1,0,0,0.4368871068034158,Trên 60
KH097,45.0,38365741.00125705,Nữ,20874785.96866661,1,0,0,0.753089544367383,31-45
KH098,41.0,30791788.21658249,Nam,14246788.845449828,0,0,1,0.5019434267960586,31-45
KH099,43.0,49896167.71657295,Nữ,19431218.89109572,0,0,1,0.6983903252449468,31-45
KH100,42.0,38858140.40174702,Nữ,16904980.218493674,0,1,0,0.6026668324781578,31-45
KH101,62.0,36814120.75595565,Nữ,15560143.107758105,0,1,0,0.5517086602206608,Trên 60
KH102,58.0,40035737.2572838,Nữ,14882004.298325464,0,1,0,0.5260128239073236,46-60
KH103,46.0,11440759.349681132,Nữ,5438138.293365179,0,0,1,0.1681686308702449,46-60
KH104,32.0,14204506.692625849,Nam,6971057.987337739,1,0,0,0.2262535730530478,31-45
KH105,62.0,37132883.70006263,Nữ,18758622.67033115,1,0,0,0.6729045070712381,Trên 60
KH106,18.0,27229166.92088882,Nam,11279034.312111408,0,1,0,0.389490144892565,18-30
KH107,42.0,38958588.13370524,Nam,16222802.634602742,0,1,0,0.5768179601109285,31-45
KH108,24.0,9631221.383486526,Nữ,9991575.27044465,0,1,0,0.3407061255522283,18-30
KH109,26.0,29141660.816806763,Nữ,12907324.732609091,0,1,0,0.4511888465944905,18-30
KH110,41.0,22046970.45006121,Nữ,13514175.07954932,0,0,1,0.474183441454375,31-45
KH111,18.0,25565009.867675524,Nam,8047123.833010056,1,0,0,0.2670275435855735,18-30
KH112,61.0,32178104.243263066,Nữ,14255881.23435323,0,1,0,0.5022879529221397,Trên 60
KH113,25.0,27602975.63581386,Nữ,13517580.980539683,0,0,1,0.4743124968529608,18-30
KH114,41.0,29293728.67007765,Nam,13857534.7703178,0,1,0,0.4871939258682763,31-45
KH115,28.0,26886086.689802352,Nữ,8107069.913424054,0,1,0,0.269299002833324,18-30
KH116,68.0,23402982.9688472,Nam,15630232.82994657,1,0,0,0.554364479359089,Trên 60
KH117,34.0,39734689.12692103,Nữ,14356387.903162058,0,1,0,0.5060963220556968,31-45
KH118,25.0,5549138.254312003,Nam,7669852.852081004,1,0,0,0.2527321025388714,18-30
KH119,52.0,31929921.554235216,Nữ,14602869.314212557,1,0,0,0.5154359231882922,46-60
KH120,52.0,30447875.629533824,Nữ,17145491.26029218,1,0,0,0.6117802061350572,46-60
KH121,50.0,37228058.36298285,Nam,22730883.99701748,0,0,1,0.8234202649434765,46-60
KH122,22.0,31956321.414979693,Nam,10715802.9708654,0,0,1,0.3681483485672563,18-30
KH123,59.0,42205947.251408525,Nữ,15715042.53160506,1,0,0,0.5575780636301657,46-60
KH125,45.0,20413591.57303445,Nam,7808017.51925196,1,0,0,0.2579673974704237,31-45
KH126,45.0,15230794.236349417,Nam,11915786.094772104,0,1,0,0.4136177561601813,31-45
KH127,24.0,24061858.80892173,Nam,14748675.509147692,1,0,0,0.5209607686423643,18-30
KH128,26.0,17956832.741407678,Nữ,12065397.050407412,0,1,0,0.4192867704876509,18-30
KH129,25.0,32672761.84186945,Nữ,15511573.805189429,0,0,1,0.5498682864928959,18-30
KH130,29.0,46033358.39793341,Nam,22919133.85328937,0,1,0,0.8305533731294226,18-30
KH131,51.0,11260228.736437785,Nam,4911192.175924748,1,0,0,0.1482017435731939,46-60
KH132,50.0,9535757.135714892,Nam,8056531.726742128,0,0,1,0.2673840247278265,46-60
KH133,65.0,16520698.9334148,Nam,7739801.073833775,0,1,0,0.2553825599844083,Trên 60
KH134,40.0,37674301.37280804,Nữ,18972039.40953792,0,1,0,0.6809912313832877,31-45
KH135,41.0,31683330.73664697,Nữ,9004975.727474792,0,1,0,0.3033221858479414,31-45
KH136,54.0,9599569.89013398,Nam,7795619.370261255,0,1,0,0.2574976104554023,46-60
KH137,52.0,46343773.50173359,Nam,19908848.111729924,0,1,0,0.7164885111932653,46-60
KH138,61.0,40553808.670583904,Nam,14323666.196253847,0,0,1,0.5048564407616151,Trên 60
KH139,57.0,6036017.215443688,Nữ,4932235.067968407,0,0,1,0.1489990946493924,46-60
KH140,39.0,34311524.49447107,Nam,15339594.292457638,0,0,1,0.5433516893789497,31-45
KH141,44.0,39706100.08338821,Nữ,19777119.16334089,0,0,1,0.7114970766249288,31-45
KH142,52.0,21849591.63741899,Nam,8456269.805464536,1,0,0,0.2825307824361083,46-60
KH143,18.0,8101469.271524846,Nữ,4855090.960333396,0,0,1,0.1460759728124544,18-30
KH144,52.0,8479447.946995426,Nam,10920597.69721966,0,1,0,0.3759083701041987,46-60
KH145,54.0,9691113.472331429,Nữ,7088407.841939922,0,1,0,0.2307001592287814,46-60
KH146,64.0,42819783.43911903,Nam,15513317.912200777,0,0,1,0.5499343736827944,Trên 60
KH147,31.0,45980878.92150709,Nam,20980318.06810288,0,1,0,0.7570883356401993,31-45
KH148,20.0,10526485.18305802,Nam,6693354.563220665,0,0,1,0.2157309165843291,18-30
KH149,18.0,15615771.556778654,Nữ,12766996.073049918,0,1,0,0.4458715542998357,18-30
KH150,22.0,12448422.96652804,Nam,6743365.759019276,1,0,0,0.2176259261062742,18-30
KH151,43.0,13384439.57723543,Nữ,8536548.187695641,1,0,0,0.285572667284191,31-45
KH152,31.0,42687085.50511214,Nữ,20641040.64769984,0,0,1,0.7442325354143109,31-45
KH153,56.0,19946588.569472253,Nam,10305193.957320422,0,0,1,0.352589672594029,46-60
KH154,44.0,19014991.88205385,Nam,12972657.530852094,0,0,1,0.4536644177698801,31-45
KH155,26.0,15232802.939470068,Nam,9373198.061498003,0,1,0,0.3172747582274687,18-30
KH156,32.0,32355247.72074164,Nữ,20651649.73542258,0,0,1,0.744634531845964,31-45
KH157,32.0,22068756.427349698,Nam,16326962.740513455,1,0,0,0.5807647642086039,31-45
KH158,43.0,38491234.332948,Nữ,12563081.512583155,0,1,0,0.4381448837498287,31-45
KH159,59.0,14251091.376903689,Nữ,10842058.456815137,0,0,1,0.3729323843066937,46-60
KH160,30.0,40450544.99215216,Nam,14685951.53934252,0,1,0,0.5185840504268342,18-30
KH161,68.0,32167468.92785625,Nam,15224761.49473507,0,1,0,0.5390004787821836,Trên 60
KH162,49.0,10142028.502505949,Nam,8247720.438682567,0,0,1,0.2746284911683913,46-60
KH163,56.0,23652706.289163247,Nam,8929650.83547151,0,1,0,0.3004679971946545,46-60
KH164,66.0,43858316.32758306,Nam,21332948.52886589,1,0,0,0.7704501053440211,Trên 60
KH165,69.0,46533210.43093182,Nam,19569871.95998677,1,0,0,0.7036441265508284,Trên 60
KH166,49.0,25956505.504346594,Nữ,11932902.544286229,0,1,0,0.4142663276308931,46-60
KH167,21.0,26637664.01400831,Nữ,11676969.731471708,0,0,1,0.4045685967624947,18-30
KH168,47.0,46330462.62226855,Nữ,19318469.69597927,0,1,0,0.6941180659053041,46-60
KH169,54.0,31418070.086145524,Nam,15649196.078386514,1,0,0,0.5550830291915186,46-60
KH170,40.0,6478100.160954726,Nữ,6568502.689211619,0,1,0,0.2110000660957191,31-45
KH171,56.0,46073725.8295608,Nữ,10324559.036539612,0,1,0,0.3533234484801599,46-60
KH172,62.0,16170189.924071835,Nữ,9901729.125949005,1,0,0,0.3373017018704807,Trên 60
KH173,32.0,30993437.934119623,Nữ,9973585.195406554,0,1,0,0.3400244509201123,31-45
KH174,60.0,12448099.284258822,Nữ,8106072.08833042,0,1,0,0.2692611935383556,46-60
KH175,46.0,6524562.211096775,Nam,2743675.892120107,0,0,1,0.0660708540555528,46-60
KH176,53.0,19016292.700974084,Nam,6455394.905053823,0,0,1,0.2067142192055896,46-60
KH177,30.0,40122306.83957394,Nữ,20742057.517717768,1,0,0,0.7480602369420232,18-30
KH178,49.0,17491422.768323816,Nữ,9287150.887663972,1,0,0,0.3140142840246807,46-60
KH179,24.0,14904374.633649368,Nữ,8281325.910629057,1,0,0,0.2759018598273711,18-30
KH180,68.0,14570635.295355182,Nam,10818762.735092329,0,0,1,0.3720496696708935,Trên 60
KH181,39.0,28182815.70830657,Nam,12343073.143274613,1,0,0,0.4298083913286881,31-45
KH182,45.0,48899359.20572403,Nữ,25981226.03809944,1,0,0,0.94658126957596,31-45
KH183,19.0,25654504.460765585,Nam,11877292.056051616,1,0,0,0.4121591513668228,18-30
KH184,59.0,30078741.60005216,Nam,15118998.71596468,0,0,1,0.5349929466758861,46-60
KH185,62.0,43728440.80508303,Nữ,21031356.23565549,0,1,0,0.7590222588737947,Trên 60
KH186,70.0,29078137.35201464,Nam,18530200.88242512,1,0,0,0.6642492158671499,Trên 60
KH187,23.0,13300829.213848524,Nam,6764230.357181637,0,1,0,0.2184165213231622,18-30
KH188,45.0,18481816.02949147,Nữ,9290654.297331506,1,0,0,0.3141470341933826,31-45
KH189,45.0,18947161.68208749,Nam,14507924.130506791,0,1,0,0.5118382882125204,31-45
KH190,61.0,22879315.195591904,Nam,14293981.470835645,0,0,1,0.503731635876918,Trên 60
KH191,61.0,24205500.74015372,Nữ,15487178.029051492,0,0,1,0.5489438889187447,Trên 60
KH192,37.0,40990190.99334213,Nam,13190943.66732363,1,0,0,0.4619356518509028,31-45
KH193,47.0,20722414.957219988,Nam,15860723.74893805,0,1,0,0.5630981734696957,46-60
KH194,28.0,26070432.27986207,Nữ,10536907.054104203,0,0,1,0.3613696771060756,18-30
KH195,45.0,33123919.417297352,Nữ,15514054.759614892,1,0,0,0.549962294088289,31-45
KH196,42.0,21997667.634807616,Nữ,11154631.657666974,1,0,0,0.3847763160995732,31-45
KH197,56.0,42645416.59815498,Nam,15158176.469802285,0,0,1,0.5364774586013688,46-60
KH198,50.0,31435412.190533344,Nữ,10193016.366896994,0,0,1,0.3483390723312944,46-60
KH199,18.0,18232010.56494372,Nam,5238058.819584423,1,0,0,0.1605872782969711,18-30
KH200,44.0,37132663.99054227,Nữ,16496854.415324604,0,1,0,0.5872022495821344,31-45
KH201,69.0,28744147.856515363,Nam,9047287.08625424,0,1,0,0.3049254354102267,Trên 60
KH202,30.0,29050515.10657611,Nữ,10313707.746712184,0,1,0,0.3529122745975923,18-30
KH203,58.0,26648957.67744137,Nữ,12340579.668637749,1,0,0,0.4297139093211269,46-60
KH204,20.0,27365537.69695621,Nữ,5293235.808307162,0,0,1,0.1626780285250381,18-30
KH205,56.0,39441032.64798083,Nữ,19169248.930526253,1,0,0,0.6884638365494593,46-60
KH206,23.0,9634166.569909198,Nam,1000000.0,0,0,1,0.0,18-30
KH207,25.0,20046326.5089717,Nữ,10781780.778693192,0,1,0,0.3706483602561231,18-30
KH208,45.0,8397651.371175015,Nữ,7564353.091135373,0,1,0,0.2487345366266312,31-45
KH209,26.0,38896079.93363529,Nam,18283009.14063601,0,0,1,0.654882699091129,18-30
KH210,54.0,17253583.462413475,Nữ,10051032.63155436,0,0,1,0.3429590663918423,46-60
KH211,50.0,45384368.44184979,Nam,24669034.42405465,1,0,0,0.8968600908774005,46-60
KH212,68.0,28696030.99966822,Nữ,14257759.944605969,0,1,0,0.5023591404584716,Trên 60
KH213,59.0,41033739.71687545,Nữ,20470959.112793617,1,0,0,0.7377878559178994,46-60
KH214,61.0,49051914.60271826,Nữ,17545185.95420461,1,0,0,0.6269253199188797,Trên 60
KH215,41.0,42790498.67554568,Nam,18199420.021232106,1,0,0,0.6517153647638462,31-45
KH216,32.0,44014719.20051856,Nữ,22847126.045242347,0,1,0,0.827824874445788,31-45
KH217,49.0,23359302.29141801,Nữ,11294705.31335648,1,0,0,0.3900839458626,46-60
KH218,49.0,29827516.78667029,Nữ,14524959.32858678,1,0,0,0.5124837809277876,46-60
KH219,41.0,16424985.381948693,Nam,12870055.961997034,1,0,0,0.4497766692999216,31-45
KH220,58.0,13825089.486205377,Nam,6920838.28528671,1,0,0,0.2243506628735118,46-60
KH221,69.0,27747854.55977152,Nữ,6839675.367973875,1,0,0,0.221275261482271,Trên 60
KH222,66.0,31777204.086518925,Nam,15299882.187092785,1,0,0,0.5418469299625598,Trên 60
KH223,66.0,20267206.06532859,Nữ,14046169.327672586,0,1,0,0.4943416110345075,Trên 60
KH224,69.0,30624958.299357515,Nữ,10133150.19513134,1,0,0,0.3460706409585443,Trên 60
KH225,29.0,44935721.71310763,Nữ,20491376.205764305,0,0,1,0.7385614943996844,18-30
KH226,56.0,30052471.31525148,Nữ,16046640.556594051,1,0,0,0.5701428784636831,46-60
KH227,19.0,37436589.3339728,Nữ,9410488.022845926,1,0,0,0.3186877384751684,18-30
KH228,20.0,41239173.53110573,Nữ,14562886.1621114,0,1,0,0.5139208933486903,18-30
KH229,66.0,49492795.18799493,Nữ,18660352.21420349,0,1,0,0.6691808718508827,Trên 60
KH230,54.0,32143883.09796408,Nam,14104292.928683512,0,0,1,0.496544013428743,46-60
KH231,66.0,41308256.70331637,Nam,15163074.216690958,0,0,1,0.5366630425859527,Trên 60
KH232,34.0,48319219.33496936,Nam,17104757.389744263,0,1,0,0.6102367302928714,31-45
KH233,66.0,47498437.650977306,Nam,24263979.968839467,0,1,0,0.8815118865947033,Trên 60
KH234,19.0,11348683.19499711,Nam,8081927.562922408,1,0,0,0.2683463162829651,18-30
KH235,19.0,23287653.872308493,Nam,9901165.18124333,0,1,0,0.3372803330435603,18-30
KH236,45.0,19579552.749805983,Nam,10750357.394204143,0,0,1,0.3694576746132866,31-45
KH237,40.0,8911625.67276572,Nữ,9284760.201013148,1,0,0,0.3139236968292546,31-45
KH238,54.0,33495834.870993223,Nữ,15203629.591431592,0,0,1,0.5381997549175079,46-60
KH239,49.0,38115707.5938201,Nữ,15817529.50566211,1,0,0,0.5614614699077426,46-60
KH240,50.0,43165764.29600976,Nữ,15999679.282791568,0,1,0,0.5683634356889744,46-60
KH241,18.0,10524960.034821885,Nam,6171095.474043768,0,0,1,0.1959416287836947,18-30
KH242,36.0,44439983.414388224,Nam,16538569.86486039,1,0,0,0.5887829191266273,31-45
KH243,19.0,33931650.362641394,Nữ,16195938.91122463,1,0,0,0.5758000478058234,18-30
KH244,70.0,36677576.08123292,Nữ,13020732.547164517,0,1,0,0.4554860621482022,Trên 60
KH245,61.0,45978080.15931368,Nam,19973231.71820477,0,1,0,0.7189281158733516,Trên 60
KH246,43.0,33114257.196946297,Nữ,19173261.425964378,0,1,0,0.6886158768464485,31-45
KH247,49.0,20113963.57174258,Nữ,12011311.144962372,0,0,1,0.417237363266234,46-60
KH248,23.0,42129829.91401969,Nữ,16530192.387454497,1,0,0,0.5884654822167407,18-30
KH249,49.0,21337664.54877908,Nữ,7506918.709469831,0,1,0,0.2465582499291183,46-60
KH250,21.0,6540264.98692381,Nam,11696399.919811685,0,0,1,0.4053048397442805,18-30
KH251,28.0,42379452.79543624,Nữ,14203782.886834135,0,0,1,0.5003138576610735,18-30
KH252,34.0,20533646.519657403,Nữ,13705780.059324464,0,0,1,0.4814436809933,31-45
KH253,55.0,39822553.54406031,Nam,18862319.64500155,0,1,0,0.6768337623361714,46-60
KH254,41.0,21324105.259967543,Nam,10686925.769098084,0,1,0,0.3670541421312304,31-45
KH255,22.0,43748060.89886247,Nữ,17335481.85831671,1,0,0,0.6189792739955087,18-30
KH256,69.0,14877973.628643142,Nam,3956258.266469881,1,0,0,0.1120176687405844,Trên 60
KH257,51.0,48854626.93394914,Nữ,20646583.082622606,0,1,0,0.7444425477282675,46-60
KH258,23.0,40089144.86546139,Nữ,18886522.45682583,0,0,1,0.677750848163304,18-30
KH259,39.0,10140706.666417858,Nam,4774971.651481943,0,0,1,0.1430401155260869,31-45
KH260,28.0,30459947.898495223,Nữ,13670519.946561258,0,0,1,0.4801076151711549,18-30
KH261,65.0,49341529.05087806,Nữ,19916044.460290268,1,0,0,0.7167611931163292,Trên 60
KH262,33.0,26197945.371221647,Nữ,14613101.495215198,0,0,1,0.5158236379813628,31-45
KH264,26.0,26815026.52176558,Nam,8165549.894644921,1,0,0,0.2715149090816563,18-30
KH265,23.0,28060594.51468648,Nam,11828365.046018474,0,0,1,0.4103052234930229,18-30
KH266,33.0,38375912.49028995,Nữ,17186651.103254043,0,0,1,0.6133398227986656,31-45
KH267,46.0,36448063.3922407,Nam,18459004.043791488,0,1,0,0.6615514461980058,46-60
KH268,20.0,23114751.961864125,Nữ,10081515.760376498,0,1,0,0.3441141241434955,18-30
KH269,37.0,14811039.837233892,Nữ,16006261.574820226,0,0,1,0.5686128499625455,31-45
KH270,53.0,34027437.54961982,Nữ,9524812.058375051,1,0,0,0.3230196712045373,46-60
KH271,36.0,23976677.05489768,Nữ,10501902.5912956,1,0,0,0.3600432982968187,31-45
KH272,43.0,10952429.500639869,Nữ,8036628.039713641,1,0,0,0.2666298400730008,31-45
KH273,20.0,45525753.55563735,Nam,18055478.57603261,1,0,0,0.6462611778582981,18-30
KH274,36.0,36104983.59243445,Nữ,12135068.088285835,1,0,0,0.4219267249633461,31-45
KH275,37.0,35743273.54004666,Nam,17066567.30526938,0,1,0,0.6087896428443885,31-45
KH276,49.0,42016274.416025326,Nam,18718164.478749365,0,0,1,0.6713714771753544,46-60
KH277,24.0,28834775.53947865,Nữ,13794316.999788234,0,1,0,0.4847984967009338,18-30
KH278,69.0,41677449.27811057,Nữ,18498766.37320872,1,0,0,0.6630581086894167,Trên 60
KH279,58.0,27414083.907995258,Nữ,11952895.938054483,1,0,0,0.4150239114271176,46-60
KH280,50.0,8022892.996206954,Nữ,2554779.0485363826,1,0,0,0.0589132304166781,46-60
KH281,57.0,23236163.961245995,Nữ,9820929.578217063,1,0,0,0.3342400691725252,46-60
KH282,56.0,27385920.229095075,Nam,13686939.812956847,0,0,1,0.4807297919192175,46-60
KH283,35.0,37409116.17345331,Nữ,16710968.09657518,1,0,0,0.5953153822171239,31-45
KH284,57.0,9796042.855790349,Nữ,8062950.014494648,0,0,1,0.267627224599603,46-60
KH285,18.0,11300834.239720205,Nam,10036375.075871157,1,0,0,0.3424036666029638,18-30
KH286,28.0,16865771.11855774,Nam,8316293.199217272,0,0,1,0.2772268300420027,18-30
KH287,45.0,16992427.701689698,Nữ,10177771.481838517,0,1,0,0.3477614176304728,31-45
KH288,42.0,37948306.030657806,Nam,18100770.144412108,1,0,0,0.6479773526462116,31-45
KH289,67.0,16282879.7252719,Nữ,9630194.462074509,0,0,1,0.3270127902505226,Trên 60
KH290,40.0,33489412.85108514,Nam,11316852.070107246,0,1,0,0.3909231242556124,31-45
KH291,48.0,27242323.25622221,Nam,10288231.867900051,1,0,0,0.3519469500905895,46-60
KH292,47.0,30798247.01807303,Nữ,16732031.078260008,1,0,0,0.5961134945240968,46-60
KH293,59.0,42714813.34302331,Nam,21991860.49173471,1,0,0,0.7954174036423479,46-60
KH294,52.0,23197167.569706094,Nam,15484999.594383975,0,0,1,0.5488613443130428,46-60
KH295,45.0,39691011.96789217,Nam,17603771.439593755,0,0,1,0.6291452239001255,31-45
KH296,33.0,23991622.67978093,Nam,8588088.9978842,0,1,0,0.2875256365047109,31-45
KH297,43.0,20924211.945256226,Nam,11258208.913258262,0,0,1,0.3887010350043726,31-45
KH298,65.0,48138222.97909492,Nam,24128232.28957974,0,0,1,0.8763681754582007,Trên 60
KH299,69.0,13296691.430553343,Nữ,10844472.570535429,1,0,0,0.3730238591937457,Trên 60
KH300,66.0,9065163.225992354,Nữ,7097116.399746088,1,0,0,0.2310301413398181,Trên 60
KH301,19.0,39694366.64909653,Nam,18794185.69325261,1,0,0,0.674252050676008,18-30
KH302,18.0,8071236.740934121,Nữ,3613185.4024334224,1,0,0,0.0990180526808517,18-30
KH303,65.0,42668554.581636325,Nữ,15713552.24094629,1,0,0,0.5575215939748468,Trên 60
KH304,29.0,24673702.83607596,Nữ,9149536.677755812,1,0,0,0.3087998468578302,18-30
KH305,22.0,46198115.47813613,Nam,20268150.098486137,1,0,0,0.7301030763977975,18-30
KH306,54.0,37468978.75048575,Nữ,18383004.124306,0,1,0,0.6586716796019018,46-60
KH307,49.0,32468210.01535809,Nam,14278984.923012326,0,1,0,0.5031633910975704,46-60
KH308,26.0,47718805.86759946,Nữ,16696852.730061138,0,1,0,0.5947805269007749,18-30
KH309,58.0,22849221.787342444,Nam,11795519.25559885,0,1,0,0.4090606404630221,46-60
KH310,52.0,47933912.14428349,Nam,17920433.971263625,1,0,0,0.6411441074136109,46-60
KH311,36.0,11075057.483954312,Nữ,5934005.13110506,0,1,0,0.1869578712418973,31-45
KH312,65.0,26768972.386958573,Nữ,14047672.77201531,1,0,0,0.49439857910535,Trên 60
KH313,45.0,17146005.00764877,Nam,7869824.83473861,0,1,0,0.260309382090122,31-45
KH314,20.0,29292925.050868705,Nữ,9088828.316368334,0,0,1,0.3064995034836342,18-30
KH315,37.0,12290624.505121307,Nữ,4654843.940446831,0,1,0,0.1384882716314179,31-45
KH316,41.0,42868834.71395195,Nữ,13050869.013737736,0,1,0,0.4566279842758795,31-45
KH317,45.0,43088353.21915507,Nam,18669041.71547513,1,0,0,0.6695101318773179,31-45
KH318,41.0,47985634.07255656,Nam,19846906.53629546,0,1,0,0.7141414392351129,31-45
KH319,69.0,11960246.33974563,Nữ,8889634.185448175,0,0,1,0.2989516980616378,Trên 60
KH320,28.0,33049964.790724583,Nữ,16678184.394657202,1,0,0,0.594073151826366,18-30
KH321,66.0,26340678.89151664,Nữ,16478080.23580634,1,0,0,0.5864908638936761,Trên 60
KH322,25.0,20497267.94199049,Nam,9372380.790121805,0,1,0,0.3172437904208571,18-30
KH323,53.0,20819307.251039848,Nam,12465224.607027208,1,0,0,0.4344369186661034,46-60
KH324,55.0,23575709.77730385,Nữ,7333866.410973525,1,0,0,0.2400010031325101,46-60
KH325,57.0,36721649.73600289,Nữ,20152624.15959092,1,0,0,0.7257256014995834,46-60
KH326,37.0,31922872.62206696,Nữ,10842368.071965616,1,0,0,0.3729441161529119,31-45
KH327,52.0,25685668.0742509,Nữ,10575457.065153956,1,0,0,0.3628304027864722,46-60
KH328,65.0,8417003.466632994,Nữ,5731972.498790621,1,0,0,0.1793025101599268,Trên 60
KH329,42.0,8499440.483553069,Nữ,2971019.154899284,0,0,1,0.0746852781027493,31-45
KH330,52.0,5105272.578160021,Nam,6629308.505673692,0,1,0,0.2133041022089382,46-60
KH331,42.0,48546472.46931889,Nữ,20205653.34540011,0,0,1,0.7277349678113605,31-45
KH332,46.0,5236421.835127321,Nam,6002685.537593547,1,0,0,0.1895602890043288,46-60
KH333,35.0,9639218.57061852,Nữ,3271022.675092326,1,0,0,0.0860529232530908,31-45
KH334,63.0,19156845.056423493,Nữ,16697212.221482184,0,1,0,0.5947941486439678,Trên 60
KH335,35.0,41334361.33175425,Nam,19048000.78903122,0,0,1,0.6838695376333431,31-45
KH336,19.0,48294445.3593853,Nam,27390999.738765463,0,1,0,1.0,18-30
KH337,52.0,40550610.145633526,Nam,14749855.32403118,0,0,1,0.5210054738409231,46-60
KH338,33.0,36075210.46005383,Nam,18696209.82254708,1,0,0,0.6705395777998248,31-45
KH339,58.0,28458530.033610623,Nữ,15875380.67226568,0,1,0,0.5636535492975427,46-60
KH340,53.0,8901734.533798262,Nam,6798795.050847392,0,1,0,0.2197262365294029,46-60
KH341,50.0,48117685.685176864,Nữ,23668458.40873073,1,0,0,0.8589465587934233,46-60
KH342,21.0,39127658.62755567,Nam,15522067.565425366,0,1,0,0.550265912969339,18-30
KH343,50.0,33752722.34004179,Nữ,14043142.443738714,0,0,1,0.49422691723875,46-60
KH344,31.0,39156613.04924824,Nữ,6332694.238959324,0,0,1,0.2020648816545659,31-45
KH345,38.0,37584649.81729124,Nữ,17502479.106415283,0,0,1,0.6253070846033529,31-45
KH346,65.0,33675421.09052691,Nữ,11126096.592110854,0,0,1,0.383695073788233,Trên 60
KH347,37.0,49125956.00809947,Nữ,18085623.215343308,1,0,0,0.6474034096649401,31-45
KH348,25.0,45651371.56862112,Nữ,15616752.554351252,0,1,0,0.5538536887210398,18-30
KH349,24.0,34099921.36027235,Nam,14131281.79012692,0,0,1,0.4975666674286127,18-30
KH350,20.0,36192884.51556161,Nữ,17189506.04532079,1,0,0,0.6134480014237654,18-30
KH351,34.0,7321811.29964195,Nam,7229968.079038857,0,1,0,0.2360641180973421,31-45
KH352,50.0,35146285.90475176,Nam,17672809.64294295,0,1,0,0.631761199195968,46-60
KH353,65.0,6987444.696954507,Nữ,10893122.015843246,1,0,0,0.3748672696666107,Trên 60
KH354,29.0,31471869.063646898,Nữ,13335172.909060564,1,0,0,0.4674007438582009,18-30
KH355,68.0,49970907.480462566,Nữ,18555570.518090427,0,0,1,0.6652105146400813,Trên 60
KH356,39.0,30011296.164673083,Nam,16876571.810387954,0,1,0,0.6015903894336758,31-45
KH357,39.0,26294455.313660003,Nữ,15999478.46031779,0,1,0,0.5683558261828638,31-45
KH358,63.0,19078468.54275144,Nam,12945313.167134572,1,0,0,0.4526282931823998,Trên 60
KH359,47.0,10423516.0453909,Nữ,5270518.393399222,0,1,0,0.1618172269209757,46-60
KH360,55.0,37896065.21562268,Nữ,17636784.761191614,0,0,1,0.630396154972258,46-60
KH361,55.0,13666956.25035337,Nữ,9428498.687247878,0,1,0,0.3193701932734039,46-60
KH362,62.0,10187690.956127796,Nữ,11213894.11088733,1,0,0,0.3870218715467701,Trên 60
KH363,68.0,23979319.68787306,Nam,10475179.637748672,1,0,0,0.3590307200007538,Trên 60
KH364,25.0,40790382.70815938,Nữ,12237283.938998066,0,0,1,0.4257998579148836,18-30
KH365,44.0,38527904.66540992,Nam,18629081.8007638,0,0,1,0.6679959825420567,31-45
KH366,44.0,7469717.659091372,Nam,1000000.0,0,1,0,0.0,31-45
KH367,51.0,25481465.826627024,Nam,10449899.536299117,0,1,0,0.358072813831992,46-60
KH368,38.0,28509555.923202604,Nữ,10483280.243005898,1,0,0,0.3593376657526166,31-45
KH369,47.0,34004599.278162,Nam,12111575.77073136,0,0,1,0.4210365609761149,46-60
KH370,50.0,34257530.769945264,Nam,13030164.818118293,0,0,1,0.4558434669849702,46-60
KH371,45.0,21411376.225578763,Nam,15075533.57692852,0,0,1,0.5333459784114626,31-45
KH372,64.0,30230473.73015813,Nữ,16530808.376066558,0,1,0,0.5884888230760548,Trên 60
KH373,50.0,26647784.77298389,Nữ,12239143.385917652,0,0,1,0.4258703155306614,46-60
KH374,22.0,44824926.043547645,Nam,21848348.228641443,1,0,0,0.7899794791789384,18-30
KH375,65.0,28861930.968570508,Nữ,10471687.82507203,1,0,0,0.3588984092618199,Trên 60
KH376,36.0,24846447.27866727,Nữ,8859084.026358705,0,1,0,0.2977941004188097,31-45
KH377,21.0,23201845.235683285,Nam,14551343.548444755,0,1,0,0.5134835240265387,18-30
KH378,52.0,30759249.17450596,Nam,15966704.440319728,0,0,1,0.5671139626565678,46-60
KH379,66.0,41178964.0730404,Nữ,15972899.017162148,0,1,0,0.5673486857403364,Trên 60
KH380,34.0,29228067.06713544,Nam,10362037.43904624,1,0,0,0.354743569084821,31-45
KH381,61.0,34774482.878624365,Nữ,19811540.488701127,0,0,1,0.7128013593615042,Trên 60
KH382,45.0,38203509.51079363,Nữ,11300745.200394632,1,0,0,0.3903128074858026,31-45
KH383,47.0,28407564.944542933,Nữ,11726991.677332198,0,0,1,0.4064640136226227,46-60
KH384,46.0,24206767.549468897,Nữ,12947759.847394362,0,1,0,0.452721002071188,46-60
KH385,63.0,44449942.00381023,Nữ,23741477.0264374,0,0,1,0.8617133587793827,Trên 60
KH386,70.0,23787773.781255145,Nữ,13285632.770596204,0,0,1,0.4655235835022183,Trên 60
KH387,23.0,25787428.27590144,Nam,14177142.441810329,1,0,0,0.4993044057536994,18-30
KH388,52.0,49565359.100379966,Nam,18161456.629669607,1,0,0,0.6502768670965245,46-60
KH389,58.0,5010688.560914806,Nữ,8208647.244098237,0,0,1,0.2731479411713808,46-60
KH390,45.0,13346280.930952512,Nữ,9319812.241923014,0,1,0,0.3152518784539309,31-45
KH391,41.0,22278375.046387658,Nữ,6918118.892663622,0,1,0,0.2242476204480635,31-45
KH392,46.0,46966545.92413638,Nam,21468768.33772024,1,0,0,0.7755965495939087,46-60
KH393,66.0,8151336.758636196,Nữ,10356581.197131412,0,1,0,0.3545368227709702,Trên 60
KH394,63.0,5426844.513282414,Nam,9038148.500448212,1,0,0,0.3045791588046988,Trên 60
KH395,70.0,7370772.618975286,Nữ,7311215.562689992,0,1,0,0.2391427238514012,Trên 60
KH396,48.0,8984453.477612816,Nữ,4826805.393834904,0,0,1,0.1450041844460234,46-60
KH397,52.0,6691854.794281739,Nam,1000000.0,1,0,0,0.0,46-60
KH398,50.0,26590159.70854272,Nam,13448208.728767168,1,0,0,0.471683863892512,46-60
KH399,69.0,31134074.325229745,Nữ,17586048.47679147,0,0,1,0.6284736706062861,Trên 60
KH400,38.0,17225913.698105186,Nữ,13154371.516680798,1,0,0,0.4605498706753184,31-45
KH401,49.0,22922932.2789036,Nữ,14325098.213852623,0,1,0,0.504910702351284,46-60
KH402,40.0,9126470.080014355,Nam,7515308.0883561345,0,1,0,0.2468761378064002,31-45
KH403,50.0,20136670.872278992,Nam,14303393.783778189,1,0,0,0.5040882844705944,46-60
KH404,20.0,28513363.62355354,Nam,16326494.55863377,0,1,0,0.5807470239985203,18-30
KH405,35.0,37952231.32330904,Nam,15117768.714828037,1,0,0,0.5349463398345835,31-45
KH406,42.0,5150586.291934065,Nam,8574969.937427761,0,0,1,0.2870285329244639,31-45
KH407,59.0,26028984.49419437,Nam,11200817.912030434,1,0,0,0.3865263920656465,46-60
KH408,48.0,18365129.440469697,Nữ,12129611.526991677,0,0,1,0.4217199665476676,46-60
KH410,57.0,37199899.185540885,Nam,12493334.3296435,0,0,1,0.435502044007869,46-60
KH411,63.0,31509884.05119027,Nữ,17627586.356188804,0,1,0,0.6300476117153195,Trên 60
KH412,41.0,17476954.056354813,Nữ,13055766.58352074,1,0,0,0.4568135615496275,31-45
KH413,67.0,45965259.59258904,Nam,20690412.49950421,0,1,0,0.7461033191016695,Trên 60
KH414,49.0,7029530.474914543,Nữ,7372765.605632855,1,0,0,0.2414749599755391,46-60
KH415,64.0,9926041.94056018,Nam,1000000.0,1,0,0,0.0,Trên 60
KH416,39.0,22623356.32431602,Nam,11562379.082675338,0,0,1,0.4002265616016194,31-45
KH417,40.0,10599690.078358537,Nữ,9542456.525077077,0,0,1,0.323688250147233,31-45
KH418,19.0,48038706.39017413,Nam,17807412.174373463,0,0,1,0.6368615187277361,18-30
KH419,44.0,40909519.49645225,Nam,15135373.270510962,0,0,1,0.535613406480682,31-45
KH420,59.0,16654219.322081614,Nam,14329526.961085562,0,1,0,0.5050785151388546,46-60
KH421,19.0,31484940.30379604,Nam,14264615.116963975,0,1,0,0.502618894633223,18-30
KH422,43.0,49204873.17860367,Nam,21125847.462508243,0,1,0,0.7626026926500095,31-45
KH423,34.0,44788954.01591763,Nam,20759080.589633383,1,0,0,0.7487052701762363,31-45
KH424,57.0,32035930.08989891,Nam,11606467.79745444,0,1,0,0.4018971582146889,46-60
KH425,50.0,45667578.52288717,Nam,19279895.82500873,0,1,0,0.6926564361318067,46-60
KH426,26.0,49513320.94160115,Nữ,23812929.76591224,0,1,0,0.8644208249679364,18-30
KH427,60.0,38450877.03021309,Nữ,21992932.65896309,0,0,1,0.7954580298876207,46-60
KH428,65.0,7924388.42673023,Nữ,7497125.719663141,0,1,0,0.2461871768396701,Trên 60
KH429,56.0,23071110.63914693,Nam,11207502.549702857,1,0,0,0.3867796843902492,46-60
KH430,46.0,42702158.08774605,Nam,18617719.63073641,0,0,1,0.667565450537212,46-60
KH431,59.0,15375613.811225856,Nữ,10343595.28445032,1,0,0,0.3540447643870653,46-60
KH432,43.0,42378913.29877811,Nữ,21873948.18802689,0,1,0,0.7909495053105307,31-45
KH433,52.0,10415244.291574815,Nữ,5135398.219971243,0,0,1,0.1566972930508881,46-60
KH434,67.0,7112541.071651585,Nam,6294143.06299741,1,0,0,0.2006041118336604,Trên 60
KH435,42.0,22284077.51710623,Nữ,8333799.274502339,0,1,0,0.2778901650978306,31-45
KH436,41.0,6652937.184197613,Nữ,3959596.497866552,1,0,0,0.1121441600228289,31-45
KH437,30.0,48077161.83424965,Nam,20552870.59569227,1,0,0,0.7408916217361504,18-30
KH438,24.0,42179256.31072846,Nữ,20083350.41812961,1,0,0,0.7231007012628732,18-30
KH439,53.0,41034635.920844376,Nam,15362215.695022076,0,1,0,0.5442088529115313,46-60
KH440,62.0,33340006.53482689,Nam,17318286.327373937,0,1,0,0.618327705994562,Trên 60
KH441,37.0,14734581.036644908,Nam,12755110.282389376,1,0,0,0.4454211814159665,31-45
KH442,18.0,28321716.500437647,Nữ,19300632.945431463,0,0,1,0.6934422009996785,18-30
KH443,25.0,31877333.259365343,Nữ,14772440.52433275,0,0,1,0.5218612656080078,18-30
KH444,63.0,28626417.53871207,Nam,11668631.679281222,0,1,0,0.4042526537412745,Trên 60
KH445,33.0,16710501.557818728,Nữ,7005734.6725279335,0,1,0,0.2275675318091937,31-45
KH446,31.0,28186156.594162665,Nữ,10150467.38448912,0,1,0,0.3467268188043704,31-45
KH447,29.0,27103385.3390882,Nữ,16880357.705937278,0,1,0,0.601733843474326,18-30
KH448,68.0,49835109.91130259,Nữ,15405246.944523826,0,1,0,0.5458393803613323,Trên 60
KH449,40.0,45384626.66207917,Nam,22268633.45557735,0,0,1,0.8059048033840142,31-45
KH450,32.0,25852133.66970289,Nữ,10150317.01315442,0,1,0,0.346721120977983,31-45
KH451,45.0,33032182.23208034,Nam,12854036.076045884,1,0,0,0.4491696484932177,31-45
KH452,51.0,38654222.184150286,Nam,16141600.290215146,1,0,0,0.5737410647605671,46-60
KH453,19.0,6568932.210522121,Nữ,4859716.014457102,0,0,1,0.1462512240029924,18-30
KH454,49.0,45271464.8552528,Nam,21377378.721454564,1,0,0,0.7721336411338159,46-60
KH455,40.0,43705706.73880657,Nữ,23551743.87759029,0,0,1,0.8545240461074413,31-45
KH456,39.0,25584444.39981683,Nữ,10703036.847285636,0,0,1,0.3676646183673348,31-45
KH457,68.0,22602639.47361709,Nam,10484078.324591247,1,0,0,0.3593679064253176,Trên 60
KH458,42.0,17283171.86853417,Nam,9694989.138708554,0,1,0,0.3294679710801775,31-45
KH459,39.0,26450457.274866577,Nam,14558307.472937886,1,0,0,0.5137473990052082,31-45
KH461,66.0,43348709.00061535,Nữ,22166384.93334239,0,0,1,0.8020304324527466,Trên 60
KH462,69.0,6594006.578834528,Nữ,10418073.723336142,1,0,0,0.3568668794877835,Trên 60
KH463,59.0,19807311.441644195,Nữ,7385806.371707958,0,0,1,0.2419690968481165,46-60
KH464,23.0,46921526.97435454,Nam,20639362.589030847,0,1,0,0.7441689509087748,18-30
KH465,45.0,38084569.453555375,Nam,20986388.54799512,0,1,0,0.757318356478831,31-45
KH466,60.0,17662593.225988705,Nam,8814435.130495962,0,1,0,0.2961022775888788,46-60
KH467,54.0,16369209.228239829,Nữ,9027968.153091278,1,0,0,0.3041934080768861,46-60
KH468,50.0,5228696.291811168,Nam,4984497.8939844845,0,0,1,0.1509794222812899,46-60
KH469,25.0,36307143.17823876,Nữ,14370916.10690111,0,1,0,0.5066468204787524,18-30
KH470,70.0,7195261.175292789,Nam,2153223.696854693,0,0,1,0.0436976131359182,Trên 60
KH471,61.0,28967113.37303429,Nữ,9705189.157515137,0,0,1,0.3298544671927746,Trên 60
KH472,61.0,48295488.76664224,Nữ,19721067.786204364,0,1,0,0.7093731943282611,Trên 60
KH473,22.0,9926098.702450424,Nam,12518623.534693465,0,1,0,0.4364602951275801,18-30
KH474,56.0,45251596.89356303,Nam,16735396.63051406,0,0,1,0.5962410210402336,46-60
KH475,21.0,49616390.081527166,Nữ,17956645.115612477,0,1,0,0.6425162094448826,18-30
KH476,23.0,7768266.180765577,Nữ,12435043.065491876,0,0,1,0.4332932885712192,18-30
KH477,62.0,44730782.11118576,Nam,15094462.247907767,0,0,1,0.5340632180449214,Trên 60
KH478,49.0,28223555.91996275,Nam,8483337.287869558,0,1,0,0.2835564155183315,46-60
KH479,69.0,45793117.3750061,Nữ,16252388.90408933,1,0,0,0.5779390343324226,Trên 60
KH480,47.0,30709352.38638084,Nam,12224452.279531153,0,1,0,0.4253136444484015,46-60
KH481,64.0,34795040.454795405,Nữ,10196152.882353423,1,0,0,0.3484579202524598,Trên 60
KH482,52.0,29470050.85988297,Nữ,13456890.139141057,0,0,1,0.4720128173410293,46-60
KH483,57.0,43902179.613830686,Nam,21015992.933733813,0,0,1,0.7584401171560216,46-60
KH484,69.0,38025946.352916576,Nam,12549919.584730497,1,0,0,0.4376461558508123,Trên 60
KH485,33.0,28456714.04811867,Nam,13799748.871296369,0,0,1,0.485004319578502,31-45
KH486,30.0,44067236.18231961,Nam,19407977.881576203,1,0,0,0.6975096837478617,18-30
KH487,67.0,16037848.951490056,Nam,9561201.859624136,1,0,0,0.3243985428505263,Trên 60
KH488,59.0,12080329.686613668,Nữ,9181176.675207278,0,0,1,0.3099987403353285,46-60
KH489,47.0,12218004.739853244,Nữ,9257383.209741604,1,0,0,0.3128863359280937,46-60
KH490,36.0,20030399.543535706,Nữ,8570935.992305413,0,1,0,0.2868756798623488,31-45
KH491,34.0,15741051.408545788,Nam,14218063.13859934,0,1,0,0.5008549607608636,31-45
KH492,36.0,46854065.77293824,Nam,22799490.23411012,0,0,1,0.8260198723009752,31-45
KH493,45.0,9762534.22228628,Nữ,11498494.458409388,0,0,1,0.3978058642086324,31-45
KH494,43.0,36454583.21178144,Nam,18977402.185166024,1,0,0,0.6811944361000922,31-45
KH495,54.0,13514969.290325264,Nam,4329552.378798507,1,0,0,0.1261624194519528,46-60
KH496,43.0,44673670.97466576,Nữ,21180288.425835628,1,0,0,0.764665553620275,31-45
KH497,70.0,48259187.96832083,Nữ,21444560.673144773,1,0,0,0.7746792798877554,Trên 60
KH498,40.0,25946150.39464926,Nam,8174274.273563427,0,1,0,0.2718454906816285,31-45
KH499,26.0,44558216.610265926,Nam,17722733.917629544,0,1,0,0.6336529151287017,18-30
KH500,29.0,5231532.683962164,Nam,7399840.153164514,0,0,1,0.2425008607674629,18-30
